,eta,alpha,vector,Error
0,0,0,"[1, 1]",872.2192395176672
1,0,0,"[1, 1]",949.9222813126758
2,0,0,"[1, 1]",1024.7877837307892
3,0,0,"[1, 1]",1141.5595674864965
4,0,0,"[1, 1]",1767.623183859296
5,0,0,"[1, 1]",11009.265619968219
6,0,0,"[1, 1]",23222.23316990996
7,0,0,"[1, 1]",381.3699215930171
8,0,0,"[1, 1]",642.38809325555
9,0,0,"[1, 1]",801.9438061206667
