,eta,alpha,vector,Error
0,0,0,[1],873.7448966248994
1,0,0,[1],957.7515739660735
2,0,0,[1],1023.604176065027
3,0,0,[1],1136.3782184796594
4,0,0,[1],1771.4128308398977
5,0,0,[1],11013.460877410784
6,0,0,[1],23229.33866802423
7,0,0,[1],379.7874287236832
8,0,0,[1],644.5878891124227
9,0,0,[1],802.2072286518455
