,eta,alpha,vector,Error
0,0.1,0.0,"[1, 1]",819.4322229346654
1,0.1,0.9,"[1, 1]",884.2182777028174
2,0.3,0.0,"[1, 1]",981.0736155546773
3,0.1,0.9,"[1, 1]",1042.0429447082847
4,0.2,0.9,"[1, 1]",1624.424381860255
5,0.2,0.0,"[1, 1]",11659.48370765777
6,0.1,0.0,"[1, 1]",23398.75532770753
7,0.1,0.0,"[1, 1]",327.19340817042934
8,0.1,0.0,"[1, 1]",606.6595205337267
9,0.2,0.9,"[1, 1]",786.3482156538386
