,eta,alpha,vector,Error
0,0.1,0.9,[],2078.525239873172
1,0.1,0.8,[],22391.321141769815
2,0.1,0.9,[],4913.2319240143825
3,0.1,0.9,[],1810.918095264085
4,0.1,0.9,[],9158.105455813218
5,0.1,0.9,[],25794.10954880216
6,0.1,0.9,[],23077.420687206377
7,0.1,0.9,[],750.874902010807
8,0.1,0.9,[],1320.6991373036778
9,0.1,0.9,[],3351.393041691732
