,eta,alpha,vector,Error
0,0.3,0.9,"[5, 5]",0.10386958269529711
1,0.3,0.9,"[3, 3]",0.02470331489055055
2,0.3,0.9,"[3, 3]",0.026114570406293305
3,0.2,0.8,"[2, 2]",0.5345728633978808
4,0.3,0.0,"[3, 3]",0.04701371169303406
5,0.3,0.9,"[3, 3]",0.13309390516980443
6,0.2,0.0,"[3, 3]",0.07804367257626821
7,0.3,0.9,"[2, 2]",0.6624161682620807
8,0.1,0.0,"[4, 4]",0.47075549677840955
9,0.2,0.0,"[3, 3]",0.32798313788700245
