,eta,alpha,vector,Error
0,0,0,[5],0.975109903279101
1,0,0,[2],0.7164475210421567
2,0,0,[3],0.7264619745217222
3,0,0,[6],0.32672688429515334
4,0,0,[3],0.7639849552700648
5,0,0,[3],0.6569210099487673
6,0,0,[5],0.3133444217190382
7,0,0,[4],0.6113280854432122
8,0,0,[4],0.6236194637174824
9,0,0,[3],0.671348957598205
