,eta,alpha,vector,Error
0,0,0,[],0.6502056170669209
1,0,0,[],0.6477779770529671
2,0,0,[],0.7155448671537891
3,0,0,[],0.6041077387438638
4,0,0,[],1.1648522709964344
5,0,0,[],0.7080159717373936
6,0,0,[],1.3740077314562384
7,0,0,[],1.7366499918228473
8,0,0,[],0.836754206530264
9,0,0,[],0.3958718234610522
