,eta,alpha,vector,Error
0,0,0,"[1, 1]",19398.311647502116
1,0,0,"[2, 2]",19501.41568344148
2,0,0,"[2, 2]",21517.667504856578
3,0,0,"[1, 1]",23468.404304936943
4,0,0,"[1, 1]",23814.810391532206
5,0,0,"[1, 1]",32755.958495442785
6,0,0,"[3, 3]",53681.43464405024
7,0,0,"[3, 3]",76408.43766746712
8,0,0,"[2, 2]",78789.58369617378
9,0,0,"[2, 2]",17395.208059663484
