,eta,alpha,vector,Error
0,0,0,[],19172.96356868086
1,0,0,[],19298.068282685774
2,0,0,[],21265.12845689849
3,0,0,[],22974.584337621545
4,0,0,[],23587.38605864818
5,0,0,[],33026.152977578444
6,0,0,[],53782.235626688096
7,0,0,[],74974.2499118676
8,0,0,[],77119.4956283889
9,0,0,[],17237.70768451604
