,eta,alpha,vector,Error
0,0,0,[3],19380.648371381605
1,0,0,[2],19456.048287909336
2,0,0,[2],21629.13086540313
3,0,0,[2],23374.423855430086
4,0,0,[1],23805.072433696423
5,0,0,[3],32652.497659249413
6,0,0,[4],53455.390911265386
7,0,0,[1],76634.12328774085
8,0,0,[3],78711.81665866282
9,0,0,[3],17260.04242346547
