,eta,alpha,vector,Error
0,0,0,[],19675.515981973804
1,0,0,[],19200.87566850249
2,0,0,[],20859.96289376026
3,0,0,[],23263.870227489395
4,0,0,[],23197.892774248714
5,0,0,[],32255.99788527431
6,0,0,[],52592.60982367864
7,0,0,[],75211.59596309235
8,0,0,[],77838.06630613607
9,0,0,[],16875.007146721502
