,eta,alpha,vector,Error
0,0,0,[3],19297.297152617666
1,0,0,[2],19492.91460934788
2,0,0,[2],21521.448029681676
3,0,0,[2],23444.848963199773
4,0,0,[1],23908.922408962462
5,0,0,[3],32719.16609826377
6,0,0,[4],53686.75357589779
7,0,0,[1],76726.65942594524
8,0,0,[3],78581.3803929742
9,0,0,[3],17284.00420418297
