,eta,alpha,vector,Error
0,0.1,0.9,[],48586.1531913662
1,0.1,0.9,[],62051.03978911461
2,0.1,0.9,[],95320.21332827711
3,0.1,0.9,[],51214.63311559952
4,0.1,0.9,[],45355.55768925099
5,0.1,0.9,[],39553.51534338635
6,0.1,0.9,[],332939.9445575812
7,0.1,0.9,[],225346.21470687244
8,0.1,0.9,[],69457.14605886681
9,0.1,0.9,[],43444.7213422184
