,eta,alpha,vector,Error
0,0.2,0.9,[3],8330.418494861593
1,0.1,0.0,[2],17218.662811175505
2,0.2,0.0,[2],20812.868837044218
3,0.1,0.9,[2],8978.059680636095
4,0.2,0.0,[1],7046.141336144096
5,0.1,0.8,[3],15403.250371324419
6,0.3,0.8,[4],25826.346910333592
7,0.1,0.9,[1],49626.412142484834
8,0.3,0.9,[3],45011.17188456188
9,0.3,0.8,[3],11863.747670131199
