,eta,alpha,vector,Error
0,0,0,"[1, 1]",19386.96692439144
1,0,0,"[2, 2]",19459.777783153993
2,0,0,"[2, 2]",21514.046595592816
3,0,0,"[1, 1]",23413.401465011248
4,0,0,"[1, 1]",23883.067552459677
5,0,0,"[1, 1]",32785.39880112426
6,0,0,"[3, 3]",53581.26735153565
7,0,0,"[3, 3]",76541.46169330308
8,0,0,"[2, 2]",78717.29854051248
9,0,0,"[2, 2]",17452.797232273246
