,eta,alpha,vector,Error
0,0,0,[3],1.7584630328071944
1,0,0,[2],1.6486868631563891
2,0,0,[2],1.9545191453821515
3,0,0,[3],1.509135103164259
4,0,0,[3],1.9054535212215087
5,0,0,[3],1.9643954969736659
6,0,0,[2],1.9556791814413184
7,0,0,[5],1.7258389940092882
8,0,0,[5],1.3108300867951181
9,0,0,[2],1.711658690159525
