,eta,alpha,vector,Error
0,0,0,[],1.6115104216734322
1,0,0,[],1.0217629111270394
2,0,0,[],2.1139668391130835
3,0,0,[],2.0169104159416196
4,0,0,[],1.0126755303517163
5,0,0,[],1.3164601998499372
6,0,0,[],1.2088669317343108
7,0,0,[],1.7553553673811624
8,0,0,[],1.522478157833414
9,0,0,[],2.4906728825785245
