,eta,alpha,vector,Error
0,0.2,0.9,[3],1.6409430325972323
1,0.3,0.9,[2],1.6456739750582594
2,0.3,0.9,[2],1.6098344872057304
3,0.3,0.0,[3],0.9910885878099496
4,0.2,0.9,[3],1.5268986975047891
5,0.2,0.0,[3],0.898869250407109
6,0.3,0.8,[2],2.3557534318625106
7,0.2,0.9,[5],1.8938594524365893
8,0.3,0.8,[5],0.6401006891967684
9,0.2,0.0,[2],1.2045260213867062
