,eta,alpha,vector,Error
0,0.2,0.9,"[3, 3]",1.2550749332999653
1,0.1,0.9,"[2, 2]",1.5906350682677792
2,0.3,0.0,"[3, 3]",0.9486470583129596
3,0.2,0.9,"[3, 3]",0.9601023656236398
4,0.3,0.9,"[4, 4]",0.7256874847502974
5,0.3,0.8,"[2, 2]",1.5786263167301517
6,0.2,0.9,"[5, 5]",1.1070973105029287
7,0.3,0.0,"[2, 2]",1.096361293702795
8,0.3,0.9,"[6, 6]",0.701764021608969
9,0.3,0.0,"[3, 3]",0.7509684222524078
