,eta,alpha,vector,Error
0,0.1,0.9,[4],7.784614018722299
1,0.1,0.0,[5],6.268732791708636
2,0.1,0.9,[5],6.246128074358495
3,0.1,0.8,[5],6.396940672044696
4,0.1,0.9,[5],5.992275609424292
5,0.1,0.9,[4],7.042279017395578
6,0.1,0.9,[4],7.441140817872174
7,0.1,0.9,[7],6.401624245838647
8,0.1,0.9,[4],6.171406102815434
9,0.1,0.8,[4],7.5984295160527155
