,eta,alpha,vector,Error
0,0.1,0.9,[],178.97864255690862
1,0.1,0.8,[],219.3564542512334
2,0.1,0.8,[],233.49360423304705
3,0.1,0.8,[],171.46260798987768
4,0.1,0.8,[],314.29890582543555
5,0.1,0.9,[],211.51909937876906
6,0.1,0.9,[],213.9116542346322
7,0.1,0.8,[],171.0900926460032
8,0.1,0.9,[],159.24359050465134
9,0.1,0.9,[],196.74416547739105
