,eta,alpha,vector,Error
0,0.3,0.9,[1],1.3217256029602793
1,0.1,0.0,[1],1.3482222398825578
2,0.2,0.9,[3],1.672443528286459
3,0.1,0.0,[3],1.2936731771443477
4,0.1,0.8,[5],1.7759033228943042
5,0.1,0.0,[1],1.7359528937283109
6,0.1,0.9,[4],2.027784603368187
7,0.3,0.9,[2],1.49351113514824
8,0.3,0.9,[2],1.4810476644034236
9,0.1,0.8,[1],1.6147330396231023
