,eta,alpha,vector,Error
0,0,0,[1],1.583620167728066
1,0,0,[1],1.532849893756913
2,0,0,[3],1.178488444278325
3,0,0,[3],1.6491766112717312
4,0,0,[5],1.7022367911873861
5,0,0,[1],1.023524886135512
6,0,0,[4],1.6120787888984873
7,0,0,[2],1.4857061778729854
8,0,0,[2],0.8886088890332231
9,0,0,[1],1.7249017923360355
