,eta,alpha,vector,Error
0,0,0,[],0.37107621809701397
1,0,0,[],0.83881013439973
2,0,0,[],3.875510024270905
3,0,0,[],1.8705684808889746
4,0,0,[],0.16020512041997623
5,0,0,[],0.44601952528231326
6,0,0,[],1.486433502431533
7,0,0,[],3.773627142299935
8,0,0,[],1.235230300155306
9,0,0,[],1.139461602900567
