,eta,alpha,vector,Error
0,0,0,"[1, 1]",1.5392712043836738
1,0,0,"[1, 1]",1.2130564764162663
2,0,0,"[2, 2]",1.0548795172665844
3,0,0,"[4, 4]",1.1503420469584764
4,0,0,"[5, 5]",0.8832766683943655
5,0,0,"[1, 1]",1.4070041103520599
6,0,0,"[2, 2]",1.4426909166232103
7,0,0,"[1, 1]",1.2905233575088753
8,0,0,"[2, 2]",1.189122587047517
9,0,0,"[1, 1]",1.217484254397418
